,id,age,salary
count,5.0,5.0,5.0
mean,3.6,30.0,133511.0
std,2.073644135332772,4.242640687119285,185754.89389246248
min,1.0,24.0,40000.0
25%,2.0,28.0,50000.0
50%,4.0,30.0,52000.0
75%,5.0,34.0,60000.0
max,6.0,34.0,465555.0
